{"timestamp": "2024-06-06 15:21:32.644852", "keystrokes": 78501, "mouse_clicks": 19668}
{"timestamp": "2024-06-06 15:22:32.878212", "keystrokes": 78501, "mouse_clicks": 19668}
{"timestamp": "2024-06-06 15:23:33.094363", "keystrokes": 78501, "mouse_clicks": 19668}
{"timestamp": "2024-06-06 15:24:33.321106", "keystrokes": 78501, "mouse_clicks": 19668}
{"timestamp": "2024-06-06 15:25:33.540496", "keystrokes": 78501, "mouse_clicks": 19668}
{"timestamp": "2024-06-06 15:26:33.758617", "keystrokes": 78501, "mouse_clicks": 19668}
{"timestamp": "2024-06-06 15:27:33.988005", "keystrokes": 78501, "mouse_clicks": 19668}
{"timestamp": "2024-06-06 15:28:34.213509", "keystrokes": 78501, "mouse_clicks": 19668}
{"timestamp": "2024-06-06 15:29:34.433448", "keystrokes": 78501, "mouse_clicks": 19668}
{"timestamp": "2024-06-06 15:30:34.673667", "keystrokes": 78501, "mouse_clicks": 19668}
{"timestamp": "2024-06-06 15:31:34.897481", "keystrokes": 78501, "mouse_clicks": 19668}
{"timestamp": "2024-06-06 15:32:35.136008", "keystrokes": 78501, "mouse_clicks": 19668}
{"timestamp": "2024-06-06 15:33:35.477514", "keystrokes": 78501, "mouse_clicks": 19668}
{"timestamp": "2024-06-06 15:34:35.715198", "keystrokes": 78501, "mouse_clicks": 19668}
{"timestamp": "2024-06-06 15:35:35.903223", "keystrokes": 78503, "mouse_clicks": 19668}
{"timestamp": "2024-06-06 15:36:35.913883", "keystrokes": 78505, "mouse_clicks": 19668}
{"timestamp": "2024-06-06 15:37:36.010833", "keystrokes": 78507, "mouse_clicks": 19668}
